# INSERT ALUNO
INSERT INTO ALUNO VALUES(1,'CLAUDIA CAROLINE SOUSA DO CARMO','F','SOLTEIRO','PARTICULAR',33);
INSERT INTO ALUNO VALUES(2,'ERIK MEDEIROS BRANDAO','F','CASADO','PUBLICA',23);
INSERT INTO ALUNO VALUES(3,'HIGOR VINICIUS OLIVEIRA BARBOSA','F','SOLTEIRO','PUBLICA',25);
INSERT INTO ALUNO VALUES(4,'JAUSER PEREIRA DE MIRANDA JUNIOR','M','CASADO','PUBLICA',21);
INSERT INTO ALUNO VALUES(5,'JESSICA GABRIELA MOREIRA PETTI','F','SOLTEIRO','PARTICULAR',19);
INSERT INTO ALUNO VALUES(6,'JESSICA LINS DOS SANTOS','F','CASADO','PARTICULAR',10);
INSERT INTO ALUNO VALUES(7,'CARLA SANDIS DA SILVA','M','SOLTEIRO','PUBLICA',29);
INSERT INTO ALUNO VALUES(8,'ALCINA MERCIA VARJAO CARVALHO LIMA','M','SOLTEIRO','PUBLICA',26);
INSERT INTO ALUNO VALUES(9,'HIGOR VINICIUS OLIVEIRA BARBOSA','M','CASADO','PUBLICA',21);
INSERT INTO ALUNO VALUES(10,'JAUSER PEREIRA DE MIRANDA JUNIOR','F','SOLTEIRO','PARTICULAR',19);
INSERT INTO ALUNO VALUES(11,'JESSICA GABRIELA MOREIRA PETTI','F','CASADO','PARTICULAR',22);
INSERT INTO ALUNO VALUES(12,'JESSICA LINS DOS SANTOS','M','CASADO','PUBLICA',21);
INSERT INTO ALUNO VALUES(13,'ALCINA MERCIA VARJAO CARVALHO LIMA','M','SOLTEIRO','PARTICULAR',19);
INSERT INTO ALUNO VALUES(14,'BRUNO ALVES SILVA','M','CASADO','PUBLICA',21);
INSERT INTO ALUNO VALUES(15,'CLAUDIA CAROLINE SOUSA DO CARMO','F','SOLTEIRO','PARTICULAR',19);
INSERT INTO ALUNO VALUES(16,'CLAUDIA CAROLINE SOUSA DO CARMO','M','CASADO','PUBLICA',21);
INSERT INTO ALUNO VALUES(17,'CARLA SANDIS DA SILVA','F','SOLTEIRO','PARTICULAR',19);
INSERT INTO ALUNO VALUES(18,'ALCINA MERCIA VARJAO CARVALHO LIMA','M','CASADO','PUBLICA',21);
INSERT INTO ALUNO VALUES(19,'BRUNO ALVES SILVA','F','SOLTEIRO','PARTICULAR',19);
INSERT INTO ALUNO VALUES(20,'CARLA SANDIS DA SILVA','F','SOLTEIRO','PARTICULAR',19);

# INSERT ATIVIDADE
INSERT INTO ATIVIDADE VALUES(1,'LER MANUAL DE CONFIGURAÇÃO');
INSERT INTO ATIVIDADE VALUES(2,'CONFIGURAR AMBIENTE');
INSERT INTO ATIVIDADE VALUES(3,'LER MATERIAL DE APOIO');
INSERT INTO ATIVIDADE VALUES(4,'ASSISTIR VIDEO AULA');
INSERT INTO ATIVIDADE VALUES(5,'EXERCÍCIO PRÁTICO');
INSERT INTO ATIVIDADE VALUES(6,'AVALIAÇÃO');
INSERT INTO ATIVIDADE VALUES(7,'AVALIAÇÃO REC.');
INSERT INTO ATIVIDADE VALUES(8,'CAMINHO 1');
INSERT INTO ATIVIDADE VALUES(9,'CAMINHO 2');
INSERT INTO ATIVIDADE VALUES(10,'CAMINHO 3');
INSERT INTO ATIVIDADE VALUES(11,'CAMINHO 4');

# INSERT CURSO
INSERT INTO CURSO VALUES (1,'CIENCIA DA COMPUTAÇÃO- UFCG');

# INSERT NÓS
# Data está no formato ano-mes-dia
# idNo, idCurso, idAluno, idAtividade, nota, dataInicio, dataFim, ordem

INSERT INTO NOS (ID_CURSO,ID_ALUNO,ID_ATIVIDADE,NOTA,DATA_INICIO,DATA_FIM,ORDEM) VALUES(1,1, 8 ,10,'2014-10-06','2014-10-08',1);
INSERT INTO NOS (ID_CURSO,ID_ALUNO,ID_ATIVIDADE,NOTA,DATA_INICIO,DATA_FIM,ORDEM) VALUES(1,1, 1 ,10,'2014-10-06','2014-10-08',2);
INSERT INTO NOS (ID_CURSO,ID_ALUNO,ID_ATIVIDADE,NOTA,DATA_INICIO,DATA_FIM,ORDEM) VALUES(1,1, 2 ,10,'2014-10-09','2014-10-09',3);
INSERT INTO NOS (ID_CURSO,ID_ALUNO,ID_ATIVIDADE,NOTA,DATA_INICIO,DATA_FIM,ORDEM) VALUES(1,1, 3 ,10,'2014-10-08','2014-10-13',4);
INSERT INTO NOS (ID_CURSO,ID_ALUNO,ID_ATIVIDADE,NOTA,DATA_INICIO,DATA_FIM,ORDEM) VALUES(1,1, 5 ,10,'2014-10-13','2014-10-17',5);
INSERT INTO NOS (ID_CURSO,ID_ALUNO,ID_ATIVIDADE,NOTA,DATA_INICIO,DATA_FIM,ORDEM) VALUES(1,1, 3 ,10,'2014-10-18','2014-10-19',6);
INSERT INTO NOS (ID_CURSO,ID_ALUNO,ID_ATIVIDADE,NOTA,DATA_INICIO,DATA_FIM,ORDEM) VALUES(1,1, 5 ,9,'2014-10-19','2014-10-24',7);
INSERT INTO NOS (ID_CURSO,ID_ALUNO,ID_ATIVIDADE,NOTA,DATA_INICIO,DATA_FIM,ORDEM) VALUES(1,1, 6 ,9,'2014-10-30','2014-10-30',8);

INSERT INTO NOS (ID_CURSO,ID_ALUNO,ID_ATIVIDADE,NOTA,DATA_INICIO,DATA_FIM,ORDEM) VALUES(1,2, 8 ,10,'2014-10-06','2014-10-08',1);
INSERT INTO NOS (ID_CURSO,ID_ALUNO,ID_ATIVIDADE,NOTA,DATA_INICIO,DATA_FIM,ORDEM) VALUES(1,2, 1 ,10,'2014-10-06','2014-10-08',1);
INSERT INTO NOS (ID_CURSO,ID_ALUNO,ID_ATIVIDADE,NOTA,DATA_INICIO,DATA_FIM,ORDEM) VALUES(1,2, 2 ,10,'2014-10-09','2014-10-09',2);
INSERT INTO NOS (ID_CURSO,ID_ALUNO,ID_ATIVIDADE,NOTA,DATA_INICIO,DATA_FIM,ORDEM) VALUES(1,2, 3 ,9,'2014-10-11','2014-10-13',3);
INSERT INTO NOS (ID_CURSO,ID_ALUNO,ID_ATIVIDADE,NOTA,DATA_INICIO,DATA_FIM,ORDEM) VALUES(1,2, 5 ,8.2,'2014-10-13','2014-10-17',4);
INSERT INTO NOS (ID_CURSO,ID_ALUNO,ID_ATIVIDADE,NOTA,DATA_INICIO,DATA_FIM,ORDEM) VALUES(1,2, 3 ,9,'2014-10-18','2014-10-19',5);
INSERT INTO NOS (ID_CURSO,ID_ALUNO,ID_ATIVIDADE,NOTA,DATA_INICIO,DATA_FIM,ORDEM) VALUES(1,2, 5 ,7.5,'2014-10-19','2014-10-24',6);
INSERT INTO NOS (ID_CURSO,ID_ALUNO,ID_ATIVIDADE,NOTA,DATA_INICIO,DATA_FIM,ORDEM) VALUES(1,2, 6 ,5,'2014-10-30','2014-10-30',7);

INSERT INTO NOS (ID_CURSO,ID_ALUNO,ID_ATIVIDADE,NOTA,DATA_INICIO,DATA_FIM,ORDEM) VALUES(1,3, 8 ,10,'2014-10-06','2014-10-08',1);
INSERT INTO NOS (ID_CURSO,ID_ALUNO,ID_ATIVIDADE,NOTA,DATA_INICIO,DATA_FIM,ORDEM) VALUES(1,3, 1 ,10,'2014-10-06','2014-10-08',1);
INSERT INTO NOS (ID_CURSO,ID_ALUNO,ID_ATIVIDADE,NOTA,DATA_INICIO,DATA_FIM,ORDEM) VALUES(1,3, 2 ,9,'2014-10-09','2014-10-09',2);
INSERT INTO NOS (ID_CURSO,ID_ALUNO,ID_ATIVIDADE,NOTA,DATA_INICIO,DATA_FIM,ORDEM) VALUES(1,3, 3 ,9,'2014-10-11','2014-10-13',3);
INSERT INTO NOS (ID_CURSO,ID_ALUNO,ID_ATIVIDADE,NOTA,DATA_INICIO,DATA_FIM,ORDEM) VALUES(1,3, 5 ,7.2,'2014-10-13','2014-10-17',4);
INSERT INTO NOS (ID_CURSO,ID_ALUNO,ID_ATIVIDADE,NOTA,DATA_INICIO,DATA_FIM,ORDEM) VALUES(1,3, 3 ,10,'2014-10-18','2014-10-19',5);
INSERT INTO NOS (ID_CURSO,ID_ALUNO,ID_ATIVIDADE,NOTA,DATA_INICIO,DATA_FIM,ORDEM) VALUES(1,3, 5 ,7.8,'2014-10-19','2014-10-24',6);
INSERT INTO NOS (ID_CURSO,ID_ALUNO,ID_ATIVIDADE,NOTA,DATA_INICIO,DATA_FIM,ORDEM) VALUES(1,3, 6 ,4,'2014-10-30','2014-10-30',7);

INSERT INTO NOS (ID_CURSO,ID_ALUNO,ID_ATIVIDADE,NOTA,DATA_INICIO,DATA_FIM,ORDEM) VALUES(1,4, 8 ,10,'2014-10-06','2014-10-08',1);
INSERT INTO NOS (ID_CURSO,ID_ALUNO,ID_ATIVIDADE,NOTA,DATA_INICIO,DATA_FIM,ORDEM) VALUES(1,4, 1 ,10,'2014-10-06','2014-10-08',1);
INSERT INTO NOS (ID_CURSO,ID_ALUNO,ID_ATIVIDADE,NOTA,DATA_INICIO,DATA_FIM,ORDEM) VALUES(1,4, 2 ,8.6,'2014-10-09','2014-10-09',2);
INSERT INTO NOS (ID_CURSO,ID_ALUNO,ID_ATIVIDADE,NOTA,DATA_INICIO,DATA_FIM,ORDEM) VALUES(1,4, 3 ,10,'2014-10-11','2014-10-13',3);
INSERT INTO NOS (ID_CURSO,ID_ALUNO,ID_ATIVIDADE,NOTA,DATA_INICIO,DATA_FIM,ORDEM) VALUES(1,4, 5 ,7.3,'2014-10-13','2014-10-17',4);
INSERT INTO NOS (ID_CURSO,ID_ALUNO,ID_ATIVIDADE,NOTA,DATA_INICIO,DATA_FIM,ORDEM) VALUES(1,4, 3 ,9.1,'2014-10-18','2014-10-19',5);
INSERT INTO NOS (ID_CURSO,ID_ALUNO,ID_ATIVIDADE,NOTA,DATA_INICIO,DATA_FIM,ORDEM) VALUES(1,4, 5 ,5.3,'2014-10-19','2014-10-24',6);
INSERT INTO NOS (ID_CURSO,ID_ALUNO,ID_ATIVIDADE,NOTA,DATA_INICIO,DATA_FIM,ORDEM) VALUES(1,4, 6 ,3.8,'2014-10-30','2014-10-30',7);
INSERT INTO NOS (ID_CURSO,ID_ALUNO,ID_ATIVIDADE,NOTA,DATA_INICIO,DATA_FIM,ORDEM) VALUES(1,4, 7 ,-1,'2014-10-30','2014-10-30',8);

INSERT INTO NOS (ID_CURSO,ID_ALUNO,ID_ATIVIDADE,NOTA,DATA_INICIO,DATA_FIM,ORDEM) VALUES(1,5, 8 ,10,'2014-10-06','2014-10-08',1);
INSERT INTO NOS (ID_CURSO,ID_ALUNO,ID_ATIVIDADE,NOTA,DATA_INICIO,DATA_FIM,ORDEM) VALUES(1,5, 1 ,10,'2014-10-06','2014-10-08',1);
INSERT INTO NOS (ID_CURSO,ID_ALUNO,ID_ATIVIDADE,NOTA,DATA_INICIO,DATA_FIM,ORDEM) VALUES(1,5, 2 ,8.3,'2014-10-09','2014-10-09',2);
INSERT INTO NOS (ID_CURSO,ID_ALUNO,ID_ATIVIDADE,NOTA,DATA_INICIO,DATA_FIM,ORDEM) VALUES(1,5, 3 ,10,'2014-10-11','2014-10-13',3);
INSERT INTO NOS (ID_CURSO,ID_ALUNO,ID_ATIVIDADE,NOTA,DATA_INICIO,DATA_FIM,ORDEM) VALUES(1,5, 5 ,6.9,'2014-10-13','2014-10-17',4);
INSERT INTO NOS (ID_CURSO,ID_ALUNO,ID_ATIVIDADE,NOTA,DATA_INICIO,DATA_FIM,ORDEM) VALUES(1,5, 3 ,8.9,'2014-10-18','2014-10-19',5);
INSERT INTO NOS (ID_CURSO,ID_ALUNO,ID_ATIVIDADE,NOTA,DATA_INICIO,DATA_FIM,ORDEM) VALUES(1,5, 5 ,4.3,'2014-10-19','2014-10-24',6);
INSERT INTO NOS (ID_CURSO,ID_ALUNO,ID_ATIVIDADE,NOTA,DATA_INICIO,DATA_FIM,ORDEM) VALUES(1,5, 6 ,4.2,'2014-10-30','2014-10-30',7);
INSERT INTO NOS (ID_CURSO,ID_ALUNO,ID_ATIVIDADE,NOTA,DATA_INICIO,DATA_FIM,ORDEM) VALUES(1,5, 7 ,-1,'2014-10-30','2014-10-30',8);

INSERT INTO NOS (ID_CURSO,ID_ALUNO,ID_ATIVIDADE,NOTA,DATA_INICIO,DATA_FIM,ORDEM) VALUES(1,6, 8 ,10,'2014-10-06','2014-10-08',1);
INSERT INTO NOS (ID_CURSO,ID_ALUNO,ID_ATIVIDADE,NOTA,DATA_INICIO,DATA_FIM,ORDEM) VALUES(1,6, 1 ,10,'2014-10-06','2014-10-08',1);
INSERT INTO NOS (ID_CURSO,ID_ALUNO,ID_ATIVIDADE,NOTA,DATA_INICIO,DATA_FIM,ORDEM) VALUES(1,6, 2 ,9,'2014-10-09','2014-10-09',2);
INSERT INTO NOS (ID_CURSO,ID_ALUNO,ID_ATIVIDADE,NOTA,DATA_INICIO,DATA_FIM,ORDEM) VALUES(1,6, 3 ,10,'2014-10-11','2014-10-13',3);
INSERT INTO NOS (ID_CURSO,ID_ALUNO,ID_ATIVIDADE,NOTA,DATA_INICIO,DATA_FIM,ORDEM) VALUES(1,6, 5 ,5.2,'2014-10-13','2014-10-17',4);
INSERT INTO NOS (ID_CURSO,ID_ALUNO,ID_ATIVIDADE,NOTA,DATA_INICIO,DATA_FIM,ORDEM) VALUES(1,6, 3 ,9,'2014-10-18','2014-10-19',5);
INSERT INTO NOS (ID_CURSO,ID_ALUNO,ID_ATIVIDADE,NOTA,DATA_INICIO,DATA_FIM,ORDEM) VALUES(1,6, 5 ,4.1,'2014-10-19','2014-10-24',6);
INSERT INTO NOS (ID_CURSO,ID_ALUNO,ID_ATIVIDADE,NOTA,DATA_INICIO,DATA_FIM,ORDEM) VALUES(1,6, 6 ,4.7,'2014-10-30','2014-10-30',7);
INSERT INTO NOS (ID_CURSO,ID_ALUNO,ID_ATIVIDADE,NOTA,DATA_INICIO,DATA_FIM,ORDEM) VALUES(1,6, 7 ,-1,'2014-10-30','2014-10-30',8);

INSERT INTO NOS (ID_CURSO,ID_ALUNO,ID_ATIVIDADE,NOTA,DATA_INICIO,DATA_FIM,ORDEM) VALUES(1,7, 8 ,10,'2014-10-06','2014-10-08',1);
INSERT INTO NOS (ID_CURSO,ID_ALUNO,ID_ATIVIDADE,NOTA,DATA_INICIO,DATA_FIM,ORDEM) VALUES(1,7, 1 ,10,'2014-10-06','2014-10-08',1);
INSERT INTO NOS (ID_CURSO,ID_ALUNO,ID_ATIVIDADE,NOTA,DATA_INICIO,DATA_FIM,ORDEM) VALUES(1,7, 2 ,7.8,'2014-10-09','2014-10-09',2);
INSERT INTO NOS (ID_CURSO,ID_ALUNO,ID_ATIVIDADE,NOTA,DATA_INICIO,DATA_FIM,ORDEM) VALUES(1,7, 3 ,10,'2014-10-11','2014-10-13',3);
INSERT INTO NOS (ID_CURSO,ID_ALUNO,ID_ATIVIDADE,NOTA,DATA_INICIO,DATA_FIM,ORDEM) VALUES(1,7, 5 ,6.4,'2014-10-13','2014-10-17',4);
INSERT INTO NOS (ID_CURSO,ID_ALUNO,ID_ATIVIDADE,NOTA,DATA_INICIO,DATA_FIM,ORDEM) VALUES(1,7, 3 ,8.8,'2014-10-18','2014-10-19',5);
INSERT INTO NOS (ID_CURSO,ID_ALUNO,ID_ATIVIDADE,NOTA,DATA_INICIO,DATA_FIM,ORDEM) VALUES(1,7, 5 ,5.8,'2014-10-19','2014-10-24',6);
INSERT INTO NOS (ID_CURSO,ID_ALUNO,ID_ATIVIDADE,NOTA,DATA_INICIO,DATA_FIM,ORDEM) VALUES(1,7, 6 ,3.8,'2014-10-30','2014-10-30',7);
INSERT INTO NOS (ID_CURSO,ID_ALUNO,ID_ATIVIDADE,NOTA,DATA_INICIO,DATA_FIM,ORDEM) VALUES(1,7, 7 ,9,'2014-10-30','2014-10-30',8);

INSERT INTO NOS (ID_CURSO,ID_ALUNO,ID_ATIVIDADE,NOTA,DATA_INICIO,DATA_FIM,ORDEM) VALUES(1,8, 8 ,10,'2014-10-06','2014-10-08',1);
INSERT INTO NOS (ID_CURSO,ID_ALUNO,ID_ATIVIDADE,NOTA,DATA_INICIO,DATA_FIM,ORDEM) VALUES(1,8, 1 ,10,'2014-10-06','2014-10-08',1);
INSERT INTO NOS (ID_CURSO,ID_ALUNO,ID_ATIVIDADE,NOTA,DATA_INICIO,DATA_FIM,ORDEM) VALUES(1,8, 2 ,10,'2014-10-09','2014-10-09',2);
INSERT INTO NOS (ID_CURSO,ID_ALUNO,ID_ATIVIDADE,NOTA,DATA_INICIO,DATA_FIM,ORDEM) VALUES(1,8, 3 ,10,'2014-10-11','2014-10-13',3);
INSERT INTO NOS (ID_CURSO,ID_ALUNO,ID_ATIVIDADE,NOTA,DATA_INICIO,DATA_FIM,ORDEM) VALUES(1,8, 5 ,6.1,'2014-10-13','2014-10-17',4);
INSERT INTO NOS (ID_CURSO,ID_ALUNO,ID_ATIVIDADE,NOTA,DATA_INICIO,DATA_FIM,ORDEM) VALUES(1,8, 3 ,8.7,'2014-10-18','2014-10-19',5);
INSERT INTO NOS (ID_CURSO,ID_ALUNO,ID_ATIVIDADE,NOTA,DATA_INICIO,DATA_FIM,ORDEM) VALUES(1,8, 5 ,5,'2014-10-19','2014-10-24',6);
INSERT INTO NOS (ID_CURSO,ID_ALUNO,ID_ATIVIDADE,NOTA,DATA_INICIO,DATA_FIM,ORDEM) VALUES(1,8, 6 ,5,'2014-10-30','2014-10-30',7);
INSERT INTO NOS (ID_CURSO,ID_ALUNO,ID_ATIVIDADE,NOTA,DATA_INICIO,DATA_FIM,ORDEM) VALUES(1,8, 7 ,8.9,'2014-10-30','2014-10-30',8);

INSERT INTO NOS (ID_CURSO,ID_ALUNO,ID_ATIVIDADE,NOTA,DATA_INICIO,DATA_FIM,ORDEM) VALUES(1,9, 9 ,10,'2014-10-06','2014-10-08',1);
INSERT INTO NOS (ID_CURSO,ID_ALUNO,ID_ATIVIDADE,NOTA,DATA_INICIO,DATA_FIM,ORDEM) VALUES(1,9, 1 ,10,'2014-10-06','2014-10-07',1);
INSERT INTO NOS (ID_CURSO,ID_ALUNO,ID_ATIVIDADE,NOTA,DATA_INICIO,DATA_FIM,ORDEM) VALUES(1,9, 2 ,9.4,'2014-10-07','2014-10-07',2);
INSERT INTO NOS (ID_CURSO,ID_ALUNO,ID_ATIVIDADE,NOTA,DATA_INICIO,DATA_FIM,ORDEM) VALUES(1,9, 3 ,9.9,'2014-10-07','2014-10-10',3);
INSERT INTO NOS (ID_CURSO,ID_ALUNO,ID_ATIVIDADE,NOTA,DATA_INICIO,DATA_FIM,ORDEM) VALUES(1,9, 5 ,8.2,'2014-10-12','2014-10-15',4);
INSERT INTO NOS (ID_CURSO,ID_ALUNO,ID_ATIVIDADE,NOTA,DATA_INICIO,DATA_FIM,ORDEM) VALUES(1,9, 3 ,10,'2014-10-17','2014-10-20',5);
INSERT INTO NOS (ID_CURSO,ID_ALUNO,ID_ATIVIDADE,NOTA,DATA_INICIO,DATA_FIM,ORDEM) VALUES(1,9, 4 ,10,'2014-10-20','2014-10-20',6);
INSERT INTO NOS (ID_CURSO,ID_ALUNO,ID_ATIVIDADE,NOTA,DATA_INICIO,DATA_FIM,ORDEM) VALUES(1,9, 5 ,8.4,'2014-10-22','2014-10-25',7);
INSERT INTO NOS (ID_CURSO,ID_ALUNO,ID_ATIVIDADE,NOTA,DATA_INICIO,DATA_FIM,ORDEM) VALUES(1,9, 6 ,8.1,'2014-10-27','2014-10-27',8);

INSERT INTO NOS (ID_CURSO,ID_ALUNO,ID_ATIVIDADE,NOTA,DATA_INICIO,DATA_FIM,ORDEM) VALUES(1,10, 9 ,10,'2014-10-06','2014-10-08',1);
INSERT INTO NOS (ID_CURSO,ID_ALUNO,ID_ATIVIDADE,NOTA,DATA_INICIO,DATA_FIM,ORDEM) VALUES(1,10, 1 ,10,'2014-10-06','2014-10-08',1);
INSERT INTO NOS (ID_CURSO,ID_ALUNO,ID_ATIVIDADE,NOTA,DATA_INICIO,DATA_FIM,ORDEM) VALUES(1,10, 2 ,9.8,'2014-10-08','2014-10-10',2);
INSERT INTO NOS (ID_CURSO,ID_ALUNO,ID_ATIVIDADE,NOTA,DATA_INICIO,DATA_FIM,ORDEM) VALUES(1,10, 3 ,10,'2014-10-09','2014-10-14',3);
INSERT INTO NOS (ID_CURSO,ID_ALUNO,ID_ATIVIDADE,NOTA,DATA_INICIO,DATA_FIM,ORDEM) VALUES(1,10, 5 ,6.8,'2014-10-15','2014-10-18',4);
INSERT INTO NOS (ID_CURSO,ID_ALUNO,ID_ATIVIDADE,NOTA,DATA_INICIO,DATA_FIM,ORDEM) VALUES(1,10, 4 ,10,'2014-10-18','2014-10-21',5);
INSERT INTO NOS (ID_CURSO,ID_ALUNO,ID_ATIVIDADE,NOTA,DATA_INICIO,DATA_FIM,ORDEM) VALUES(1,10, 3 ,10,'2014-10-21','2014-10-21',6);
INSERT INTO NOS (ID_CURSO,ID_ALUNO,ID_ATIVIDADE,NOTA,DATA_INICIO,DATA_FIM,ORDEM) VALUES(1,10, 5 ,5.3,'2014-10-21','2014-10-26',7);
INSERT INTO NOS (ID_CURSO,ID_ALUNO,ID_ATIVIDADE,NOTA,DATA_INICIO,DATA_FIM,ORDEM) VALUES(1,10, 6 ,7,'2014-10-27','2014-10-27',8);
INSERT INTO NOS (ID_CURSO,ID_ALUNO,ID_ATIVIDADE,NOTA,DATA_INICIO,DATA_FIM,ORDEM) VALUES(1,10, 7 ,7.8,'2014-10-30','2014-10-30',9);

INSERT INTO NOS (ID_CURSO,ID_ALUNO,ID_ATIVIDADE,NOTA,DATA_INICIO,DATA_FIM,ORDEM) VALUES(1,11, 9 ,10,'2014-10-06','2014-10-08',1);
INSERT INTO NOS (ID_CURSO,ID_ALUNO,ID_ATIVIDADE,NOTA,DATA_INICIO,DATA_FIM,ORDEM) VALUES(1,11, 1 ,10,'2014-10-06','2014-10-09',1);
INSERT INTO NOS (ID_CURSO,ID_ALUNO,ID_ATIVIDADE,NOTA,DATA_INICIO,DATA_FIM,ORDEM) VALUES(1,11, 2 ,9.3,'2014-10-06','2014-10-10',2);
INSERT INTO NOS (ID_CURSO,ID_ALUNO,ID_ATIVIDADE,NOTA,DATA_INICIO,DATA_FIM,ORDEM) VALUES(1,11, 3 ,10,'2014-10-10','2014-10-17',3);
INSERT INTO NOS (ID_CURSO,ID_ALUNO,ID_ATIVIDADE,NOTA,DATA_INICIO,DATA_FIM,ORDEM) VALUES(1,11, 5 ,-1,'2014-10-12','2014-10-18',4);
INSERT INTO NOS (ID_CURSO,ID_ALUNO,ID_ATIVIDADE,NOTA,DATA_INICIO,DATA_FIM,ORDEM) VALUES(1,11, 4 ,-1,'2014-10-18','2014-10-21',5);
INSERT INTO NOS (ID_CURSO,ID_ALUNO,ID_ATIVIDADE,NOTA,DATA_INICIO,DATA_FIM,ORDEM) VALUES(1,11, 3 ,-1,'2014-10-20','2014-10-20',6);
INSERT INTO NOS (ID_CURSO,ID_ALUNO,ID_ATIVIDADE,NOTA,DATA_INICIO,DATA_FIM,ORDEM) VALUES(1,11, 5 ,-1,'2014-10-21','2014-10-26',7);
INSERT INTO NOS (ID_CURSO,ID_ALUNO,ID_ATIVIDADE,NOTA,DATA_INICIO,DATA_FIM,ORDEM) VALUES(1,11, 6 ,-1,'2014-10-29','2014-10-29',8);
INSERT INTO NOS (ID_CURSO,ID_ALUNO,ID_ATIVIDADE,NOTA,DATA_INICIO,DATA_FIM,ORDEM) VALUES(1,11, 7 ,-1,'2014-10-30','2014-10-30',9);

INSERT INTO NOS (ID_CURSO,ID_ALUNO,ID_ATIVIDADE,NOTA,DATA_INICIO,DATA_FIM,ORDEM) VALUES(1,12, 10 ,10,'2014-10-06','2014-10-08',1);
INSERT INTO NOS (ID_CURSO,ID_ALUNO,ID_ATIVIDADE,NOTA,DATA_INICIO,DATA_FIM,ORDEM) VALUES(1,12, 1 ,10,'2014-10-06','2014-10-06',1);
INSERT INTO NOS (ID_CURSO,ID_ALUNO,ID_ATIVIDADE,NOTA,DATA_INICIO,DATA_FIM,ORDEM) VALUES(1,12, 2 ,10,'2014-10-06','2014-10-06',2);
INSERT INTO NOS (ID_CURSO,ID_ALUNO,ID_ATIVIDADE,NOTA,DATA_INICIO,DATA_FIM,ORDEM) VALUES(1,12, 3 ,9,'2014-10-08','2014-10-12',3);
INSERT INTO NOS (ID_CURSO,ID_ALUNO,ID_ATIVIDADE,NOTA,DATA_INICIO,DATA_FIM,ORDEM) VALUES(1,12, 4 ,10,'2014-10-13','2014-10-13',4);
INSERT INTO NOS (ID_CURSO,ID_ALUNO,ID_ATIVIDADE,NOTA,DATA_INICIO,DATA_FIM,ORDEM) VALUES(1,12, 5 ,8,'2014-10-16','2014-10-21',5);
INSERT INTO NOS (ID_CURSO,ID_ALUNO,ID_ATIVIDADE,NOTA,DATA_INICIO,DATA_FIM,ORDEM) VALUES(1,12, 3 ,10,'2014-10-21','2014-10-22',6);
INSERT INTO NOS (ID_CURSO,ID_ALUNO,ID_ATIVIDADE,NOTA,DATA_INICIO,DATA_FIM,ORDEM) VALUES(1,12, 4 ,10,'2014-10-22','2014-10-22',7);
INSERT INTO NOS (ID_CURSO,ID_ALUNO,ID_ATIVIDADE,NOTA,DATA_INICIO,DATA_FIM,ORDEM) VALUES(1,12, 5 ,9,'2014-10-23','2014-10-27',8);
INSERT INTO NOS (ID_CURSO,ID_ALUNO,ID_ATIVIDADE,NOTA,DATA_INICIO,DATA_FIM,ORDEM) VALUES(1,12, 6 ,8.3,'2014-10-30','2014-10-30',9);

INSERT INTO NOS (ID_CURSO,ID_ALUNO,ID_ATIVIDADE,NOTA,DATA_INICIO,DATA_FIM,ORDEM) VALUES(1,13, 10 ,10,'2014-10-06','2014-10-08',1);
INSERT INTO NOS (ID_CURSO,ID_ALUNO,ID_ATIVIDADE,NOTA,DATA_INICIO,DATA_FIM,ORDEM) VALUES(1,13,1,10,'2014-10-06','2014-10-06',1);
INSERT INTO NOS (ID_CURSO,ID_ALUNO,ID_ATIVIDADE,NOTA,DATA_INICIO,DATA_FIM,ORDEM) VALUES(1,13,2,10,'2014-10-06','2014-10-06',2);
INSERT INTO NOS (ID_CURSO,ID_ALUNO,ID_ATIVIDADE,NOTA,DATA_INICIO,DATA_FIM,ORDEM) VALUES(1,13,4,10,'2014-10-09','2014-10-13',3);
INSERT INTO NOS (ID_CURSO,ID_ALUNO,ID_ATIVIDADE,NOTA,DATA_INICIO,DATA_FIM,ORDEM) VALUES(1,13,3,10,'2014-10-14','2014-10-14',4);
INSERT INTO NOS (ID_CURSO,ID_ALUNO,ID_ATIVIDADE,NOTA,DATA_INICIO,DATA_FIM,ORDEM) VALUES(1,13,5,8.7,'2014-10-18','2014-10-23',5);
INSERT INTO NOS (ID_CURSO,ID_ALUNO,ID_ATIVIDADE,NOTA,DATA_INICIO,DATA_FIM,ORDEM) VALUES(1,13,3,10,'2014-10-23','2014-10-24',6);
INSERT INTO NOS (ID_CURSO,ID_ALUNO,ID_ATIVIDADE,NOTA,DATA_INICIO,DATA_FIM,ORDEM) VALUES(1,13,4,9.2,'2014-10-23','2014-10-23',7);
INSERT INTO NOS (ID_CURSO,ID_ALUNO,ID_ATIVIDADE,NOTA,DATA_INICIO,DATA_FIM,ORDEM) VALUES(1,13,5,9.1,'2014-10-23','2014-10-28',8);
INSERT INTO NOS (ID_CURSO,ID_ALUNO,ID_ATIVIDADE,NOTA,DATA_INICIO,DATA_FIM,ORDEM) VALUES(1,13,6,8.9,'2014-10-3O','2014-10-30',9);

INSERT INTO NOS (ID_CURSO,ID_ALUNO,ID_ATIVIDADE,NOTA,DATA_INICIO,DATA_FIM,ORDEM) VALUES(1,14, 10 ,10,'2014-10-06','2014-10-08',1);
INSERT INTO NOS (ID_CURSO,ID_ALUNO,ID_ATIVIDADE,NOTA,DATA_INICIO,DATA_FIM,ORDEM) VALUES(1,14,1,10,'2014-10-06','2014-10-06',1);
INSERT INTO NOS (ID_CURSO,ID_ALUNO,ID_ATIVIDADE,NOTA,DATA_INICIO,DATA_FIM,ORDEM) VALUES(1,14,2,10,'2014-10-06','2014-10-07',2);
INSERT INTO NOS (ID_CURSO,ID_ALUNO,ID_ATIVIDADE,NOTA,DATA_INICIO,DATA_FIM,ORDEM) VALUES(1,14,3,9,'2014-10-10','2014-10-13',3);
INSERT INTO NOS (ID_CURSO,ID_ALUNO,ID_ATIVIDADE,NOTA,DATA_INICIO,DATA_FIM,ORDEM) VALUES(1,14,4,10,'2014-10-15','2014-10-15',4);
INSERT INTO NOS (ID_CURSO,ID_ALUNO,ID_ATIVIDADE,NOTA,DATA_INICIO,DATA_FIM,ORDEM) VALUES(1,14,5,8.1,'2014-10-18','2014-10-21',5);
INSERT INTO NOS (ID_CURSO,ID_ALUNO,ID_ATIVIDADE,NOTA,DATA_INICIO,DATA_FIM,ORDEM) VALUES(1,14,4,10,'2014-10-21','2014-10-22',6);
INSERT INTO NOS (ID_CURSO,ID_ALUNO,ID_ATIVIDADE,NOTA,DATA_INICIO,DATA_FIM,ORDEM) VALUES(1,14,3,10,'2014-10-19','2014-10-19',7);
INSERT INTO NOS (ID_CURSO,ID_ALUNO,ID_ATIVIDADE,NOTA,DATA_INICIO,DATA_FIM,ORDEM) VALUES(1,14,5,8.3,'2014-10-22','2014-10-29',8);
INSERT INTO NOS (ID_CURSO,ID_ALUNO,ID_ATIVIDADE,NOTA,DATA_INICIO,DATA_FIM,ORDEM) VALUES(1,14,6,8.6,'2014-10-30','2014-10-30',9);

INSERT INTO NOS (ID_CURSO,ID_ALUNO,ID_ATIVIDADE,NOTA,DATA_INICIO,DATA_FIM,ORDEM) VALUES(1,15, 10 ,10,'2014-10-06','2014-10-08',1);
INSERT INTO NOS (ID_CURSO,ID_ALUNO,ID_ATIVIDADE,NOTA,DATA_INICIO,DATA_FIM,ORDEM) VALUES(1,15,1,10,'2014-10-06','2014-10-06',1);
INSERT INTO NOS (ID_CURSO,ID_ALUNO,ID_ATIVIDADE,NOTA,DATA_INICIO,DATA_FIM,ORDEM) VALUES(1,15,2,10,'2014-10-06','2014-10-07',2);
INSERT INTO NOS (ID_CURSO,ID_ALUNO,ID_ATIVIDADE,NOTA,DATA_INICIO,DATA_FIM,ORDEM) VALUES(1,15,3,9,'2014-10-11','2014-10-13',3);
INSERT INTO NOS (ID_CURSO,ID_ALUNO,ID_ATIVIDADE,NOTA,DATA_INICIO,DATA_FIM,ORDEM) VALUES(1,15,4,10,'2014-10-13','2014-10-13',4);
INSERT INTO NOS (ID_CURSO,ID_ALUNO,ID_ATIVIDADE,NOTA,DATA_INICIO,DATA_FIM,ORDEM) VALUES(1,15,5,6.1,'2014-10-18','2014-10-25',5);
INSERT INTO NOS (ID_CURSO,ID_ALUNO,ID_ATIVIDADE,NOTA,DATA_INICIO,DATA_FIM,ORDEM) VALUES(1,15,4,10,'2014-10-25','2014-10-26',6);
INSERT INTO NOS (ID_CURSO,ID_ALUNO,ID_ATIVIDADE,NOTA,DATA_INICIO,DATA_FIM,ORDEM) VALUES(1,15,3,10,'2014-10-25','2014-10-25',7);
INSERT INTO NOS (ID_CURSO,ID_ALUNO,ID_ATIVIDADE,NOTA,DATA_INICIO,DATA_FIM,ORDEM) VALUES(1,15,5,5.9,'2014-10-25','2014-10-29',8);
INSERT INTO NOS (ID_CURSO,ID_ALUNO,ID_ATIVIDADE,NOTA,DATA_INICIO,DATA_FIM,ORDEM) VALUES(1,15,6,7,'2014-10-30','2014-10-30',9);
INSERT INTO NOS (ID_CURSO,ID_ALUNO,ID_ATIVIDADE,NOTA,DATA_INICIO,DATA_FIM,ORDEM) VALUES(1,15,7,7.8,'2014-10-30','2014-10-30',10);

INSERT INTO NOS (ID_CURSO,ID_ALUNO,ID_ATIVIDADE,NOTA,DATA_INICIO,DATA_FIM,ORDEM) VALUES(1,16, 11 ,10,'2014-10-06','2014-10-08',1);
INSERT INTO NOS (ID_CURSO,ID_ALUNO,ID_ATIVIDADE,NOTA,DATA_INICIO,DATA_FIM,ORDEM) VALUES(1,16,1,7,'2016-01-01','2016-01-10',1);
INSERT INTO NOS (ID_CURSO,ID_ALUNO,ID_ATIVIDADE,NOTA,DATA_INICIO,DATA_FIM,ORDEM) VALUES(1,16,2,7,'2016-02-01','2016-02-10',2);
INSERT INTO NOS (ID_CURSO,ID_ALUNO,ID_ATIVIDADE,NOTA,DATA_INICIO,DATA_FIM,ORDEM) VALUES(1,16,3,7,'2016-03-01','2016-03-10',3);
INSERT INTO NOS (ID_CURSO,ID_ALUNO,ID_ATIVIDADE,NOTA,DATA_INICIO,DATA_FIM,ORDEM) VALUES(1,16,4,7,'2016-04-01','2016-04-10',4);
INSERT INTO NOS (ID_CURSO,ID_ALUNO,ID_ATIVIDADE,NOTA,DATA_INICIO,DATA_FIM,ORDEM) VALUES(1,16,5,7,'2016-05-01','2016-05-10',5);
INSERT INTO NOS (ID_CURSO,ID_ALUNO,ID_ATIVIDADE,NOTA,DATA_INICIO,DATA_FIM,ORDEM) VALUES(1,16,3,7,'2016-06-01','2016-06-10',6);
INSERT INTO NOS (ID_CURSO,ID_ALUNO,ID_ATIVIDADE,NOTA,DATA_INICIO,DATA_FIM,ORDEM) VALUES(1,16,5,9,'2016-07-01','2016-07-10',7);
INSERT INTO NOS (ID_CURSO,ID_ALUNO,ID_ATIVIDADE,NOTA,DATA_INICIO,DATA_FIM,ORDEM) VALUES(1,16,6,9,'2016-08-01','2016-08-10',8);

INSERT INTO NOS (ID_CURSO,ID_ALUNO,ID_ATIVIDADE,NOTA,DATA_INICIO,DATA_FIM,ORDEM) VALUES(1,17, 11 ,10,'2014-10-06','2014-10-08',1);
INSERT INTO NOS (ID_CURSO,ID_ALUNO,ID_ATIVIDADE,NOTA,DATA_INICIO,DATA_FIM,ORDEM) VALUES(1,17,1,7,'2016-01-01','2016-01-10',1);
INSERT INTO NOS (ID_CURSO,ID_ALUNO,ID_ATIVIDADE,NOTA,DATA_INICIO,DATA_FIM,ORDEM) VALUES(1,17,2,7,'2016-02-01','2016-02-10',2);
INSERT INTO NOS (ID_CURSO,ID_ALUNO,ID_ATIVIDADE,NOTA,DATA_INICIO,DATA_FIM,ORDEM) VALUES(1,17,3,7,'2016-03-01','2016-03-10',3);
INSERT INTO NOS (ID_CURSO,ID_ALUNO,ID_ATIVIDADE,NOTA,DATA_INICIO,DATA_FIM,ORDEM) VALUES(1,17,4,7,'2016-04-01','2016-04-10',4);
INSERT INTO NOS (ID_CURSO,ID_ALUNO,ID_ATIVIDADE,NOTA,DATA_INICIO,DATA_FIM,ORDEM) VALUES(1,17,5,7,'2016-05-01','2016-05-10',5);
INSERT INTO NOS (ID_CURSO,ID_ALUNO,ID_ATIVIDADE,NOTA,DATA_INICIO,DATA_FIM,ORDEM) VALUES(1,17,3,7,'2016-06-01','2016-06-10',6);
INSERT INTO NOS (ID_CURSO,ID_ALUNO,ID_ATIVIDADE,NOTA,DATA_INICIO,DATA_FIM,ORDEM) VALUES(1,17,5,9,'2016-07-01','2016-07-10',7);
INSERT INTO NOS (ID_CURSO,ID_ALUNO,ID_ATIVIDADE,NOTA,DATA_INICIO,DATA_FIM,ORDEM) VALUES(1,17,6,9,'2016-08-01','2016-08-10',8);
INSERT INTO NOS (ID_CURSO,ID_ALUNO,ID_ATIVIDADE,NOTA,DATA_INICIO,DATA_FIM,ORDEM) VALUES(1,17,7,9,'2016-09-01','2016-09-10',9);

INSERT INTO NOS (ID_CURSO,ID_ALUNO,ID_ATIVIDADE,NOTA,DATA_INICIO,DATA_FIM,ORDEM) VALUES(1,18, 11 ,10,'2014-10-06','2014-10-08',1);
INSERT INTO NOS (ID_CURSO,ID_ALUNO,ID_ATIVIDADE,NOTA,DATA_INICIO,DATA_FIM,ORDEM) VALUES(1,18,1,7,'2016-01-01','2016-01-10',1);
INSERT INTO NOS (ID_CURSO,ID_ALUNO,ID_ATIVIDADE,NOTA,DATA_INICIO,DATA_FIM,ORDEM) VALUES(1,18,2,7,'2016-02-01','2016-02-10',2);
INSERT INTO NOS (ID_CURSO,ID_ALUNO,ID_ATIVIDADE,NOTA,DATA_INICIO,DATA_FIM,ORDEM) VALUES(1,18,3,7,'2016-03-01','2016-03-10',3);
INSERT INTO NOS (ID_CURSO,ID_ALUNO,ID_ATIVIDADE,NOTA,DATA_INICIO,DATA_FIM,ORDEM) VALUES(1,18,4,7,'2016-04-01','2016-04-10',4);
INSERT INTO NOS (ID_CURSO,ID_ALUNO,ID_ATIVIDADE,NOTA,DATA_INICIO,DATA_FIM,ORDEM) VALUES(1,18,5,7,'2016-05-01','2016-05-10',5);
INSERT INTO NOS (ID_CURSO,ID_ALUNO,ID_ATIVIDADE,NOTA,DATA_INICIO,DATA_FIM,ORDEM) VALUES(1,18,3,7,'2016-06-01','2016-06-10',6);
INSERT INTO NOS (ID_CURSO,ID_ALUNO,ID_ATIVIDADE,NOTA,DATA_INICIO,DATA_FIM,ORDEM) VALUES(1,18,5,9,'2016-07-01','2016-07-10',7);
INSERT INTO NOS (ID_CURSO,ID_ALUNO,ID_ATIVIDADE,NOTA,DATA_INICIO,DATA_FIM,ORDEM) VALUES(1,18,6,9,'2016-08-01','2016-08-10',8);
INSERT INTO NOS (ID_CURSO,ID_ALUNO,ID_ATIVIDADE,NOTA,DATA_INICIO,DATA_FIM,ORDEM) VALUES(1,18,7,9,'2016-09-01','2016-09-10',9);

INSERT INTO NOS (ID_CURSO,ID_ALUNO,ID_ATIVIDADE,NOTA,DATA_INICIO,DATA_FIM,ORDEM) VALUES(1,19, 11 ,10,'2014-10-06','2014-10-08',1);
INSERT INTO NOS (ID_CURSO,ID_ALUNO,ID_ATIVIDADE,NOTA,DATA_INICIO,DATA_FIM,ORDEM) VALUES(1,19,1,7,'2016-01-01','2016-01-10',1);
INSERT INTO NOS (ID_CURSO,ID_ALUNO,ID_ATIVIDADE,NOTA,DATA_INICIO,DATA_FIM,ORDEM) VALUES(1,19,2,7,'2016-02-01','2016-02-10',2);
INSERT INTO NOS (ID_CURSO,ID_ALUNO,ID_ATIVIDADE,NOTA,DATA_INICIO,DATA_FIM,ORDEM) VALUES(1,19,4,7,'2016-03-01','2016-03-10',3);
INSERT INTO NOS (ID_CURSO,ID_ALUNO,ID_ATIVIDADE,NOTA,DATA_INICIO,DATA_FIM,ORDEM) VALUES(1,19,3,7,'2016-04-01','2016-04-10',4);
INSERT INTO NOS (ID_CURSO,ID_ALUNO,ID_ATIVIDADE,NOTA,DATA_INICIO,DATA_FIM,ORDEM) VALUES(1,19,5,7,'2016-05-01','2016-05-10',5);
INSERT INTO NOS (ID_CURSO,ID_ALUNO,ID_ATIVIDADE,NOTA,DATA_INICIO,DATA_FIM,ORDEM) VALUES(1,19,3,7,'2016-06-01','2016-06-10',6);
INSERT INTO NOS (ID_CURSO,ID_ALUNO,ID_ATIVIDADE,NOTA,DATA_INICIO,DATA_FIM,ORDEM) VALUES(1,19,5,-1,'2016-07-01','2016-07-10',7);
INSERT INTO NOS (ID_CURSO,ID_ALUNO,ID_ATIVIDADE,NOTA,DATA_INICIO,DATA_FIM,ORDEM) VALUES(1,19,6,-1,'2016-08-01','2016-08-10',8);

INSERT INTO NOS (ID_CURSO,ID_ALUNO,ID_ATIVIDADE,NOTA,DATA_INICIO,DATA_FIM,ORDEM) VALUES(1,20, 11 ,10,'2014-10-06','2014-10-08',1);
INSERT INTO NOS (ID_CURSO,ID_ALUNO,ID_ATIVIDADE,NOTA,DATA_INICIO,DATA_FIM,ORDEM) VALUES(1,20,1,7,'2016-01-01','2016-01-10',1);
INSERT INTO NOS (ID_CURSO,ID_ALUNO,ID_ATIVIDADE,NOTA,DATA_INICIO,DATA_FIM,ORDEM) VALUES(1,20,2,7,'2016-02-01','2016-02-10',2);
INSERT INTO NOS (ID_CURSO,ID_ALUNO,ID_ATIVIDADE,NOTA,DATA_INICIO,DATA_FIM,ORDEM) VALUES(1,20,4,7,'2016-03-01','2016-03-10',3);
INSERT INTO NOS (ID_CURSO,ID_ALUNO,ID_ATIVIDADE,NOTA,DATA_INICIO,DATA_FIM,ORDEM) VALUES(1,20,3,7,'2016-04-01','2016-04-10',4);
INSERT INTO NOS (ID_CURSO,ID_ALUNO,ID_ATIVIDADE,NOTA,DATA_INICIO,DATA_FIM,ORDEM) VALUES(1,20,5,7,'2016-05-01','2016-05-10',5);
INSERT INTO NOS (ID_CURSO,ID_ALUNO,ID_ATIVIDADE,NOTA,DATA_INICIO,DATA_FIM,ORDEM) VALUES(1,20,3,7,'2016-06-01','2016-06-10',6);
INSERT INTO NOS (ID_CURSO,ID_ALUNO,ID_ATIVIDADE,NOTA,DATA_INICIO,DATA_FIM,ORDEM) VALUES(1,20,5,9,'2016-07-01','2016-07-10',7);
INSERT INTO NOS (ID_CURSO,ID_ALUNO,ID_ATIVIDADE,NOTA,DATA_INICIO,DATA_FIM,ORDEM) VALUES(1,20,6,9,'2016-08-01','2016-08-10',8);

# CAMINHO PERCORRIDO POR CADA ALUNO
CREATE OR REPLACE VIEW CAMINHO AS SELECT AL.ID_ALUNO,AL.NOME,AT.DESC_ATIVIDADE,N.NOTA,N.DATA_INICIO,N.DATA_FIM 
FROM ATIVIDADE AT, NOS N, ALUNO AL
WHERE  AT.ID_ATIVIDADE = N.ID_ATIVIDADE AND
	   AL.ID_ALUNO = N.ID_ALUNO
ORDER BY N.ID_ALUNO, N.ORDEM;
